TimeStamp,Type,Name,Request Count,Failure Count,Median Response Time,Average Response Time,Min Response Time,Max Response Time,Average Content Size,Requests/s,Failures/s,50%,66%,75%,80%,90%,95%,98%,99%,99.9%,99.99%,100%
20220826020539,POST,Add to Bag,8757,4,240.0,367.82271364873736,82.18037000006007,23712.85808199991,15506.46282973621,13.833099816095894,0.0063186478547885,240,340,440,520,760,1100,1500,1800,3600,24000,24000
20220826020539,GET,Cart Review,4352,0,960.0,1763.583984735751,129.61668000025384,14632.914597999845,44.0,6.874688866009973,0.0,960,1500,2000,2400,3800,7100,10000,11000,14000,15000,15000
20220826020539,GET,Get Cookies,4393,0,410.0,635.7596669212373,139.663045999896,4412.297406000107,656609.8315501935,6.9394550065215554,0.0,410,590,780,910,1400,1900,2600,2900,3600,4400,4400
20220826020539,GET,Get PLPs,4383,0,1300.0,1522.3723821987246,685.7764079995832,5651.871172000028,1158140.985398129,6.9236583868845845,0.0,1300,1500,1800,2000,2600,3200,3800,4200,5400,5700,5700
20220826020539,GET,Get cfuid,4400,0,330.0,522.0607302738634,119.71471699962422,4226.472146000106,674001.4520454545,6.950512640267435,0.0,330,500,650,750,1200,1600,2100,2600,3400,4200,4200
20220826020539,GET,Go to Payment Page,4294,0,1800.0,2786.063966905213,531.6791569994166,22563.466383000105,843188.1746623195,6.783068472115539,0.0,1800,2700,3500,4100,5900,8300,11000,12000,15000,23000,23000
20220826020539,GET,Open PDP Page,8758,0,130.0,246.75329014512675,50.53645999987566,4135.770670000056,170996.81925097056,13.834679478059591,0.0,130,210,280,340,560,840,1300,1600,2900,4100,4100
20220826020539,POST,Set Shipment Information,4316,3,2700.0,5061.259466857277,541.3627749994703,37449.05618899975,15.458758109360518,6.817821035316875,0.0047389858910914,2700,4300,5800,6900,13000,19000,25000,29000,34000,37000,37000
20220826020539,GET,Verify Cart,4367,0,440.0,829.6001739248956,141.1247279993404,13521.049990999927,680610.3558506984,6.89838379546543,0.0,440,670,890,1100,1800,2800,4300,5900,12000,14000,14000
20220826014922,POST,Add to Bag,8248,12,290.0,412.2654967207807,78.91562899976634,3728.945458999988,15508.41379728419,14.207388285328388,0.0206703030339404,290,410,510,590,860,1200,1600,1900,3000,3700,3700
20220826014922,GET,Cart Review,4099,0,1000.0,1534.9926563486274,112.59885499976008,31858.073186000183,44.0,7.060631011343485,0.0,1000,1500,2000,2300,3300,4200,5400,6200,23000,32000,32000
20220826014922,GET,Get Cookies,4155,0,490.0,697.955689290975,139.35663199981718,5347.387542999968,656609.8953068592,7.157092425501873,0.0,490,710,890,1000,1500,2000,2400,2800,3600,5300,5300
20220826014922,GET,Get PLPs,4137,0,1600.0,1881.5867692040104,699.6677839997574,13130.684071999896,1158141.3700749336,7.126086970950963,0.0,1600,1900,2200,2500,3200,3800,4700,5700,10000,13000,13000
20220826014922,GET,Get cfuid,4159,0,370.0,580.3362860411115,120.01210700009324,3896.728716000325,674001.6580908872,7.163982526513187,0.0,370,550,710,840,1300,1800,2300,2700,3400,3900,3900
20220826014922,GET,Go to Payment Page,4052,0,2000.0,2508.7343821322743,528.955565999695,33353.877880000255,827534.685834156,6.979672324460552,0.0,2000,2700,3300,3800,4900,5700,6600,7500,28000,33000,33000
20220826014922,GET,Open PDP Page,8255,0,130.0,259.55989602895306,51.00863100005881,4087.714355999651,170991.03101150817,14.219445962098186,0.0,130,210,290,350,590,900,1400,1700,3000,4100,4100
20220826014922,POST,Set Shipment Information,4089,2,2700.0,4502.876497977248,559.9833139999646,45190.12775800002,15.322817314746882,7.043405758815201,0.0034450505056567,2700,4300,5600,6600,11000,15000,18000,20000,35000,45000,45000
20220826014922,GET,Verify Cart,4105,0,560.0,917.3957394691852,140.87617099994532,28669.41176199998,681210.2981729598,7.070966162860455,0.0,560,810,1100,1300,2100,3000,4100,5100,7000,29000,29000
20220826013621,POST,Add to Bag,7269,0,1900.0,2161.0439417177045,833.3211799999845,9400.031377000232,18572.677397166048,12.434751286659887,0.0,1900,2300,2600,2800,3500,4300,5400,6300,8000,9400,9400
20220826013621,GET,Get Cookies,3673,0,440.0,689.5325933422286,135.7939620002071,4634.182973999941,656609.8690443779,6.283235861315418,0.0,440,670,870,1000,1500,2000,2700,3200,4100,4600,4600
20220826013621,GET,Get PLPs,3661,0,1400.0,1617.3457342043207,693.8648840000496,6974.594688999787,1158140.4018027862,6.262708001164101,0.0,1400,1700,2000,2200,2700,3300,4000,4400,5500,7000,7000
20220826013621,GET,Get cfuid,3676,0,340.0,563.432986985316,119.40317500011588,4153.383346999817,674001.5059847661,6.288367826353246,0.0,340,530,690,830,1300,1800,2300,2800,3800,4200,4200
20220826013621,GET,Go to Delivery Page,3608,0,1400.0,1631.2526470465605,477.86794700004975,8149.265176999961,748925.7258869179,6.1720432854957865,0.0,1400,1700,2000,2200,2900,3600,4400,5100,7200,8100,8100
20220826013621,GET,Go to Payment Page,3580,0,1500.0,1683.6772493905055,508.9850330000445,6415.347007000037,716785.3078212291,6.124144945142716,0.0,1500,1800,2100,2300,2900,3400,4200,4800,6200,6400,6400
20220826013621,GET,Open PDP Page,7301,0,140.0,267.82325117641625,50.69188999959806,3786.989117000303,170939.56334748663,12.489492247063398,0.0,140,220,300,360,630,970,1400,1700,3000,3800,3800
20220826013621,POST,Set Shipment Information,3594,0,2700.0,3246.3063946455163,1308.5897480000312,12522.505028000069,15.0,6.148094115319251,0.0,2700,3400,3800,4200,5300,6800,8500,9700,12000,13000,13000
20220826013621,GET,Verify Cart,3615,0,1400.0,1643.1416264309814,495.81461300022056,8187.507056999948,713387.9402489626,6.184017870584055,0.0,1400,1700,2000,2200,2800,3600,4700,5300,7100,8200,8200
20220826012213,POST,Add to Bag,9532,0,1900.0,2077.857664590955,805.7219020001867,7217.668619000051,18754.370436424677,12.167305125598125,0.0,1900,2200,2500,2700,3200,3700,4300,4900,6300,7200,7200
20220826012213,GET,Get Cookies,4811,0,530.0,735.9851813327808,139.11975499991058,4282.359951999979,656609.8956557888,6.141093680156586,0.0,530,740,920,1100,1500,2000,2700,3000,3900,4300,4300
20220826012213,GET,Get PLPs,4798,0,1600.0,1914.0135641673603,689.292013000113,12538.374704999796,1158140.6754897877,6.124499579586634,0.0,1600,2000,2300,2600,3200,3800,4600,5300,8400,13000,13000
20220826012213,GET,Get cfuid,4827,0,410.0,623.6145469622951,118.37732099979804,7566.177660999983,674001.6469857054,6.161517188550372,0.0,410,600,790,930,1400,1900,2400,2700,3700,7600,7600
20220826012213,GET,Go to Delivery Page,4725,0,1400.0,1742.316164305609,489.8337439999523,15494.443821000004,749164.6372486772,6.0313173225399845,0.0,1400,1800,2100,2300,3000,4000,5500,6100,9500,15000,15000
20220826012213,GET,Go to Payment Page,4676,0,1500.0,1777.431295304321,549.5987230001447,20195.876719000124,717031.5205303679,5.968770328084014,0.0,1500,1900,2200,2400,3000,3600,4800,5700,8900,20000,20000
20220826012213,GET,Open PDP Page,9567,0,150.0,277.7911782373777,49.72949300008622,4080.8970170000975,170990.78728964148,12.211981550209533,0.0,150,240,310,380,630,940,1500,1800,2900,4100,4100
20220826012213,POST,Set Shipment Information,4692,6,2600.0,3034.8118902653464,1355.3808359999948,16975.885371999993,15.89087809036658,5.989193836477801,0.0076588156476698,2600,3200,3600,3900,4800,5800,6900,7600,9700,17000,17000
20220826012213,GET,Verify Cart,4742,0,1400.0,1732.4729543452115,489.28696500001934,17077.55514900009,713631.8736819908,6.053017300208382,0.0,1400,1800,2100,2300,3000,3900,5500,6200,10000,17000,17000
20220825135803,POST,Add to Bag,123,0,1400.0,1447.022165626039,824.1722220000156,2205.0303200003327,18715.38211382114,0.6908412632647972,0.0,1400,1600,1700,1700,1900,2000,2100,2100,2200,2200,2200
20220825135803,GET,Get Cookies,63,0,300.0,384.1715538571826,185.268344999713,1405.3946269996231,656609.8571428572,0.3538455250868473,0.0,300,360,420,440,600,1100,1200,1400,1400,1400,1400
20220825135803,GET,Get PLPs,62,0,1400.0,1495.257515354854,944.7490180000386,2354.922106000231,1164444.677419355,0.3482289294505482,0.0,1500,1500,1600,1700,1900,2200,2200,2400,2400,2400,2400
20220825135803,GET,Get cfuid,63,0,240.0,284.3868009365559,149.02790900032414,1328.336632999708,674001.0952380953,0.3538455250868473,0.0,240,270,330,360,430,450,780,1300,1300,1300,1300
20220825135803,GET,Go to Delivery Page,61,0,1200.0,1287.3199511475116,643.9298069999495,2897.5719290001507,749096.5409836066,0.342612333814249,0.0,1200,1500,1500,1600,2000,2300,2600,2900,2900,2900,2900
20220825135803,GET,Go to Payment Page,59,0,1200.0,1279.243295067795,720.7718210001985,2812.406203000137,716968.6101694915,0.3313791425416507,0.0,1200,1400,1500,1600,2100,2400,2400,2800,2800,2800,2800
20220825135803,GET,Open PDP Page,124,25,98.0,132.86178180646857,41.7937290003465,755.7769719996941,136579.93548387097,0.6964578589010965,0.1404148909074791,99,120,150,170,260,340,460,510,760,760,760
20220825135803,POST,Set Shipment Information,60,0,2200.0,2221.746603583293,1425.8394219996262,3396.085898999445,15.0,0.3369957381779498,0.0,2200,2400,2600,2700,3100,3300,3300,3400,3400,3400,3400
20220825135803,GET,Verify Cart,61,0,1400.0,1331.1282168032762,617.3766130004879,2740.8586589999686,713568.0163934426,0.342612333814249,0.0,1400,1500,1600,1600,1800,2100,2500,2700,2700,2700,2700
20220825121923,POST,Add to Bag,16,0,1500.0,1652.165193187505,947.407510000005,2735.1101470000003,18158.9375,0.1742830786663247,0.0,1500,1700,2000,2000,2600,2700,2700,2700,2700,2700,2700
20220825121923,GET,Get Cookies,9,0,600.0,577.3148142222212,189.0015109999865,1425.7622029999766,660050.8888888889,0.0980342317498076,0.0,600,600,700,890,1400,1400,1400,1400,1400,1400,1400
20220825121923,GET,Get PLPs,8,0,1300.0,1372.2689696250045,1095.8816049999882,2060.425513000013,1172933.5,0.0871415393331623,0.0,1300,1300,1600,1600,2100,2100,2100,2100,2100,2100,2100
20220825121923,GET,Get cfuid,9,0,280.0,288.81980111112347,186.70637300002116,438.5482550000006,677442.7777777778,0.0980342317498076,0.0,280,290,320,340,440,440,440,440,440,440,440
20220825121923,GET,Go to Delivery Page,8,0,1100.0,1276.044192374993,661.3329189999888,2222.053869999996,751740.0,0.0871415393331623,0.0,1400,1400,1500,1500,2200,2200,2200,2200,2200,2200,2200
20220825121923,GET,Go to Payment Page,8,0,1100.0,1028.9138537500053,692.3321300000111,1466.2044500000206,719598.75,0.0871415393331623,0.0,1100,1200,1200,1200,1500,1500,1500,1500,1500,1500,1500
20220825121923,GET,Open PDP Page,16,1,110.0,180.22425968749363,48.07039299998905,1057.4214580000216,160653.75,0.1742830786663247,0.0108926924166452,120,130,140,140,330,1100,1100,1100,1100,1100,1100
20220825121923,POST,Set Shipment Information,8,0,1900.0,2101.560983750005,1724.4843020000076,3209.309079000008,15.0,0.0871415393331623,0.0,2000,2000,2200,2200,3200,3200,3200,3200,3200,3200,3200
20220825121923,GET,Verify Cart,8,0,820.0,1006.0369991250012,740.0290539999901,1781.6279449999968,716188.75,0.0871415393331623,0.0,990,1100,1100,1100,1800,1800,1800,1800,1800,1800,1800
20211025024318,POST,Add to Bag,58835,98,3000.0,3940.2737432627696,116.08487100056664,26916.84091399929,18599.543995920794,28.164403989714693,0.0469127490607978,3000,4100,5100,5800,7900,9700,12000,14000,19000,23000,27000
20211025024318,POST,Add to Wishlist,2903,0,1300.0,2156.738093117459,123.06970299869135,14775.678892999167,6186.0,1.3896705155458784,0.0,1300,2100,2800,3500,5400,6800,8800,9900,13000,15000,15000
20211025024318,GET,Get Cookies,447040,2286,2700.0,4589.136722388947,188.41954700019411,31424.6733050004,753447.1153498568,213.99872796060265,1.0943116770712635,2700,4400,6000,7400,12000,15000,19000,21000,26000,28000,31000
20211025024318,GET,Get PLPs,236623,0,90.0,116.65757592377764,38.30946400012181,1532.4117449999903,1199612.0243678764,113.2717900103384,0.0,90,110,140,150,220,280,370,440,750,1100,1500
20211025024318,GET,Go to Delivery Page,28890,210,4000.0,5896.574138454476,650.3994519998741,34736.802625000564,821721.3607130495,13.829686942514789,0.1005273194159953,4000,5900,7800,9200,14000,17000,21000,24000,29000,33000,35000
20211025024318,GET,Go to Payment Page,14066,0,3800.0,5791.046132833646,662.0677849996355,33082.87316800033,786926.3670553106,6.733415594787574,0.0,3800,5600,7300,8800,14000,17000,22000,25000,30000,32000,33000
20211025024318,GET,Open PLP Page,266449,0,87.0,113.8413211428438,36.395469999661145,1960.1852440000584,1076560.4528446344,127.54954157653592,0.0,87,110,130,150,210,280,360,430,720,1000,2000
20211025024318,POST,Set Shipment Information,22836,160,2800.0,3574.169605645869,129.55666400011978,20620.493718000034,21.09791557190401,10.93162793420795,0.0765922433645678,2800,3700,4500,5100,7000,8500,10000,11000,15000,18000,21000
20211025024318,GET,Verify Cart,29251,273,3900.0,5860.218996277105,577.4894790001781,34372.92358300056,779473.0802365731,14.002498191606094,0.1306855152407939,3900,5900,7700,9200,14000,17000,21000,24000,30000,33000,34000
20211025024318,GET,open cart page,448078,2271,2700.0,4541.531276323512,186.95602500156383,32382.59193299928,753488.4823044202,214.4956201394303,1.0871311542558353,2700,4400,5900,7300,12000,15000,19000,21000,26000,28000,32000
20211025020710,POST,Add to Bag,5517,199,3700.0,5957.654256095348,20.681546000560047,40103.5066179993,17970.78847199565,15.755971813192565,0.5683230724715099,3700,4500,5100,5700,17000,23000,29000,31000,38000,40000,40000
20211025020710,POST,Add to Wishlist,280,2,2200.0,4059.1396435856977,117.15074499988988,37657.724738999605,6158.421428571429,0.7996505542312702,0.0057117896730805,2200,2800,3300,3800,10000,19000,26000,28000,38000,38000,38000
20211025020710,GET,Get Cookies,44990,2505,4700.0,9161.496973567368,19.694132000040558,65681.34169600034,713114.4736163592,128.48670869594588,7.154016565533328,4700,6000,7100,8100,33000,42000,49000,52000,59000,62000,66000
20211025020710,GET,Get PLPs,23648,0,70.0,91.53214237157408,37.726721000581165,671.1938940006803,1199612.007738498,67.53620109450385,0.0,70,88,100,110,160,220,300,370,570,650,670
20211025020710,GET,Go to Delivery Page,2275,145,5800.0,7189.524464991203,503.4047079998345,56618.081130000064,771071.9432967033,6.49716075312907,0.4141047512983363,5800,7100,7900,8500,11000,19000,31000,39000,48000,57000,57000
20211025020710,GET,Go to Payment Page,1017,3,5900.0,8106.584109399209,664.0883840000242,58928.4062480001,780340.918387414,2.9044450487614357,0.0085676845096207,5900,6900,7800,8400,10000,33000,47000,52000,56000,59000,59000
20211025020710,GET,Open PLP Page,26670,0,67.0,87.70725164435505,36.48069399969245,678.9681030004431,1076097.1824146982,76.16671529052849,0.0,67,84,99,110,160,210,290,350,510,640,680
20211025020710,POST,Set Shipment Information,1663,47,3500.0,4042.527898411289,280.61272899958567,30744.157201000235,60.134095009019845,4.749353113166437,0.1342270573173918,3500,4000,4400,4600,5400,7000,16000,22000,30000,31000,31000
20211025020710,GET,Verify Cart,2534,208,5900.0,8028.683321214697,358.5100139998758,61763.58938799967,721206.5702446725,7.236837515792995,0.5940261260003722,5900,7200,8100,8800,15000,25000,44000,47000,56000,62000,62000
20211025020710,GET,open cart page,46771,2674,4600.0,8837.428916981606,21.84327199938707,66325.18107299984,712152.5238288683,133.57305739982408,7.636662792908631,4600,5900,7000,7900,30000,43000,48000,51000,56000,61000,66000
20211025015943,POST,Add to Bag,2349,0,4200.0,3963.498043987661,670.1218130001507,9105.670148000172,18106.038739889314,12.867207342506363,0.0,4200,4600,4900,5000,5400,5800,6300,6500,7400,9100,9100
20211025015943,POST,Add to Wishlist,175,0,3100.0,2842.595138514283,124.2347380002684,4892.939464999472,6186.0,0.958604208147558,0.0,3100,3500,3700,3900,4200,4500,4800,4900,4900,4900,4900
20211025015943,GET,Get Cookies,28315,0,3500.0,3318.090034221721,199.73753599970223,16560.90852000034,757451.8166696097,155.10216087827487,0.0,3500,3900,4200,4500,5000,5500,6100,6400,7600,16000,17000
20211025015943,GET,Get PLPs,14746,0,2700.0,2346.1706441645883,39.9304940001457,4818.946725000387,1199612.1515665266,80.77472944767938,0.0,2700,3000,3200,3300,3500,3700,3800,4000,4500,4800,4800
20211025015943,GET,Go to Delivery Page,843,0,4200.0,4030.091940451957,667.990490000193,8874.953599000037,827839.7485172005,4.617733414105094,0.0,4200,4700,5100,5300,6000,6600,7100,7300,8900,8900,8900
20211025015943,GET,Go to Payment Page,371,0,4100.0,3954.8937649029385,647.3839090003821,9808.17007800033,787073.204851752,2.0322409212728227,0.0,4100,4700,5000,5300,5800,6100,6800,7200,9800,9800,9800
20211025015943,GET,Open PLP Page,16141,0,2700.0,2346.3525846760426,38.337240999680944,4841.774135999913,1076497.53051236,88.41617442119848,0.0,2700,3000,3200,3300,3500,3700,3900,4000,4500,4800,4800
20211025015943,POST,Set Shipment Information,642,0,4200.0,3912.444577577858,884.4861429997763,6858.323960000234,15.0,3.51670800931847,0.0,4200,4500,4900,4900,5300,5700,6100,6200,6900,6900,6900
20211025015943,GET,Verify Cart,881,0,4100.0,3957.115045660616,617.1711030001461,8274.094464999507,786930.6379114642,4.825887470731421,0.0,4100,4600,4900,5200,5700,6300,6800,7400,8300,8300,8300
20211025015943,GET,open cart page,28934,0,3600.0,4094.3368783863616,211.6124590002073,27287.298409999494,757451.821386604,158.4928809059511,0.0,3600,4200,4500,4800,5600,8700,18000,20000,25000,27000,27000
20211025015427,POST,Add to Bag,7602,0,2000.0,2126.7538557796606,729.3331249993571,7944.001113000013,18608.238358326755,20.899789719534237,0.0,2000,2300,2500,2600,3100,3500,4000,4300,6200,7900,7900
20211025015427,POST,Add to Wishlist,404,0,890.0,937.5860370247408,133.50646999970195,3184.296022000126,6186.0,1.110696533371722,0.0,890,1000,1100,1200,1500,1700,1900,2100,3200,3200,3200
20211025015427,GET,Get Cookies,60227,0,1200.0,1379.6679329620945,200.668315999792,5721.461313999498,757451.8057183655,165.57901018658094,0.0,1200,1500,1700,1900,2400,2800,3200,3500,4400,5200,5700
20211025015427,GET,Get PLPs,31923,0,380.0,401.0310627993905,40.18262899990077,1288.1895049995364,1199612.1498292766,87.7642708782809,0.0,380,450,500,530,630,740,850,920,1100,1200,1300
20211025015427,GET,Go to Delivery Page,3736,0,2000.0,2156.308973755888,726.8123309995644,7893.424722999953,827841.9983940043,10.271193684843448,0.0,2000,2300,2600,2800,3300,3800,4300,4700,6200,7900,7900
20211025015427,GET,Go to Payment Page,1777,0,2000.0,2167.775972686551,791.7394570004035,7408.507315999486,786967.7580191334,4.885415197528589,0.0,2000,2300,2600,2700,3300,3800,4400,4800,5800,7400,7400
20211025015427,GET,Open PLP Page,35525,0,380.0,393.4149128870922,37.84483399977034,1310.5597680005303,1076729.6412948628,97.66706521789708,0.0,380,440,490,520,620,720,830,900,1100,1200,1300
20211025015427,POST,Set Shipment Information,2969,0,2100.0,2277.669228643661,934.2502110002896,8497.862811000232,15.0,8.162519820744164,0.0,2100,2400,2600,2800,3200,3700,4400,4900,8100,8500,8500
20211025015427,GET,Verify Cart,3755,0,2000.0,2135.3658261299565,600.0995659996988,6594.204301999525,786937.1707057257,10.32342941289806,0.0,2000,2300,2600,2800,3300,3800,4300,4800,6000,6600,6600
20211025015427,GET,open cart page,60473,0,1300.0,1444.6131201380294,204.14512200022727,15142.86513299976,757451.804623551,166.2553254024459,0.0,1300,1600,1800,1900,2400,2900,3300,3600,4600,5800,15000
20211025014603,POST,Add to Bag,23701,22,1400.0,2057.5543931265765,91.63928399993893,26622.343256000026,18621.57617822033,11.688526298870118,0.010849651009457,1400,1900,2400,2700,3900,5200,7100,9000,16000,23000,27000
20211025014603,POST,Add to Wishlist,1180,0,420.0,739.730341436438,101.40755500015077,5623.824130999765,6186.0,0.5819358268708805,0.0,420,720,990,1200,1700,2300,3300,4100,5600,5600,5600
20211025014603,GET,Get Cookies,180813,0,830.0,1443.2491719761008,176.6447949994472,19536.61956699989,757386.3518331094,89.17081581695298,0.0,830,1500,2000,2300,3300,4400,6300,7900,10000,13000,20000
20211025014603,GET,Get PLPs,95710,0,50.0,54.75011697163176,37.12008300044545,670.4068770000049,1199612.0578622925,47.200913550688114,0.0,50,55,59,62,72,83,98,110,150,320,670
20211025014603,GET,Go to Delivery Page,11806,0,1500.0,2341.639477231924,572.2946320001938,23734.81401699973,827792.1692359817,5.822317264438658,0.0,1500,2300,3000,3500,4900,6400,9000,10000,17000,22000,24000
20211025014603,GET,Go to Payment Page,5909,0,1500.0,2323.178593770009,572.7488040001845,15492.16231499986,786917.9069216449,2.9141176279491807,0.0,1500,2400,3100,3500,4700,6000,8600,9800,13000,15000,15000
20211025014603,GET,Open PLP Page,107638,0,48.0,52.28732285838736,34.878934000062145,8032.513450000806,1076355.3207138742,53.08339706163376,0.0,48,53,57,60,69,81,95,110,140,180,8000
20211025014603,POST,Set Shipment Information,9415,7,1600.0,1946.463116009456,197.06600199970129,12816.679671000202,16.71789697291556,4.643157466092661,0.0034521616848272,1600,1900,2300,2500,3300,4100,5300,6200,10000,13000,13000
20211025014603,GET,Verify Cart,11825,9,1500.0,2310.140660743427,539.4830099994579,21731.291406999844,786337.3873150105,5.831687417583188,0.0044384935947779,1500,2400,3100,3600,4800,6300,8800,10000,15000,20000,22000
20211025014603,GET,open cart page,180872,0,810.0,1427.6519226120688,175.22504999942612,19857.255674000044,757375.7537485072,89.19991260829653,0.0,810,1400,2000,2300,3300,4300,6300,7900,10000,14000,20000
20211025010811,POST,Add to Bag,1342,0,3400.0,3771.717199315206,975.0732880002032,12941.629710000145,18602.385991058123,9.8018254670532,0.0,3400,4100,4700,5100,6400,7400,8900,9700,12000,13000,13000
20211025010811,POST,Add to Wishlist,73,0,850.0,1027.6983469041452,135.93958999990718,3371.529923999788,6186.0,0.5331842467174991,0.0,850,1100,1300,1600,1900,2400,3300,3400,3400,3400,3400
20211025010811,GET,Get Cookies,10371,0,1800.0,1954.5903973680447,232.6512370000273,7081.419050000022,757452.6821907242,75.74868250283812,0.0,1800,2200,2500,2700,3200,3700,4200,4700,5900,6900,7100
20211025010811,GET,Get PLPs,5403,0,50.0,56.19577149047089,37.8761979995943,1631.4576320000924,1199611.8621136406,39.46293815088558,0.0,50,54,58,60,68,78,97,110,1100,1600,1600
20211025010811,GET,Go to Delivery Page,621,0,3600.0,4171.470068776172,901.4270129996476,52493.488908000014,827868.1851851852,4.535718043994067,0.0,3600,4400,5000,5200,6500,7500,9400,18000,52000,52000,52000
20211025010811,GET,Go to Payment Page,274,0,3900.0,4126.700357729928,1346.4238020001176,14418.930850999914,787005.4598540146,2.001266898638284,0.0,3900,4400,4800,5300,6100,7100,8100,9200,14000,14000,14000
20211025010811,GET,Open PLP Page,6286,0,47.0,63.49828375628449,34.92734900009964,4106.914981000045,1075297.926344257,45.91227636803012,0.0,47,52,55,57,66,76,99,140,2700,4100,4100
20211025010811,POST,Set Shipment Information,476,0,3100.0,3318.9153656491526,1412.151275999804,9762.21762499972,15.0,3.47665344434972,0.0,3100,3600,4100,4300,5000,5700,6400,7200,9800,9800,9800
20211025010811,GET,Verify Cart,643,6,3700.0,3897.822001706065,1076.5028959999654,11629.85862000005,779647.9704510109,4.696403707388382,0.043823362743904,3700,4400,4900,5200,6000,6800,7800,8400,12000,12000,12000
20211025010811,GET,open cart page,10508,0,1800.0,2113.533179637992,228.69775600020148,94417.6129399998,757452.6774838219,76.74931595215726,0.0,1800,2200,2500,2700,3300,3800,4400,4900,91000,94000,94000
20211025005905,POST,Add to Bag,22,0,2800.0,2802.1499137727365,2209.5944299999246,3315.5399089999946,25433.68181818182,0.0128072350815708,0.0,2800,2900,3000,3000,3200,3200,3300,3300,3300,3300,3300
20211025005905,POST,Add to Wishlist,1,0,663.208033999922,663.208033999922,663.208033999922,663.208033999922,5801.0,0.0005821470491623,0.0,660,660,660,660,660,660,660,660,660,660,660
20211025005905,GET,Get Cookies,167,0,780.0,915.0785529880266,398.77850000004855,1484.1792579999833,538593.9760479042,0.0972185572101057,0.0,780,1300,1300,1300,1400,1500,1500,1500,1500,1500,1500
20211025005905,GET,Get PLPs,82,0,30.0,55.3718927073204,27.30601400003252,1959.957404000022,546590.0975609756,0.0477360580313094,0.0,30,32,33,34,38,40,76,2000,2000,2000,2000
20211025005905,GET,Go to Delivery Page,11,0,2200.0,2252.125640909154,2085.894068000016,2512.7919960000327,619242.0,0.0064036175407854,0.0,2200,2300,2300,2300,2400,2500,2500,2500,2500,2500,2500
20211025005905,GET,Go to Payment Page,2,0,2300.0,2366.28419449994,2295.720159999973,2436.8482289999065,630430.5,0.0011642940983246,0.0,2400,2400,2400,2400,2400,2400,2400,2400,2400,2400,2400
20211025005905,GET,Open PLP Page,106,0,35.0,165.14537845283036,30.30502600006457,2032.6648559999967,851028.141509434,0.0617075872112048,0.0,35,37,38,39,42,1700,1800,1800,2000,2000,2000
20211025005905,POST,Set Shipment Information,6,0,2200.0,2192.412718166708,1855.930699000055,2531.349068000054,15.0,0.0034928822949738,0.0,2300,2300,2300,2300,2500,2500,2500,2500,2500,2500,2500
20211025005905,GET,Verify Cart,11,0,1700.0,1698.824983727253,1407.346367999935,2338.970330999928,580144.0,0.0064036175407854,0.0,1700,1700,1700,1700,2000,2300,2300,2300,2300,2300,2300
20211025005905,GET,open cart page,167,0,830.0,973.2823323892194,434.4391160000214,1692.1740280000108,538593.9341317365,0.0972185572101057,0.0,830,1300,1300,1400,1500,1500,1600,1700,1700,1700,1700
20211023215433,POST,Add to Bag,226,0,1900.0,1997.6840859823096,1310.3570900020711,3701.058799000748,24941.800884955752,0.0142165416080423,0.0,1900,2100,2200,2300,2500,2800,3000,3100,3700,3700,3700
20211023215433,POST,Add to Wishlist,13,0,500.0,504.9078483848112,474.5615549982176,558.8084730006813,5801.0,0.0008177656677192,0.0,500,510,520,520,530,560,560,560,560,560,560
20211023215433,GET,Get Cookies,1634,0,610.0,668.9398420519897,393.7838040001225,1616.7972530020052,540784.2135862913,0.1027868539271734,0.0,610,650,690,720,1200,1300,1300,1400,1500,1600,1600
20211023215433,GET,Get PLPs,865,0,36.0,44.33484482895206,27.113260999612976,5069.088186999579,557972.1202312139,0.0544128694290116,0.0,36,38,40,42,45,51,56,63,5100,5100,5100
20211023215433,GET,Go to Delivery Page,113,0,1400.0,1525.531754884847,1103.039360998082,4899.251693001133,619523.9823008849,0.0071082708040211,0.0,1400,1500,1600,1700,2000,2100,2200,2300,4900,4900,4900
20211023215433,GET,Go to Payment Page,65,0,1500.0,1500.3781535694611,1098.2228229986504,2495.6588770000963,587915.8461538461,0.0040888283385962,0.0,1500,1500,1600,1600,1900,2200,2400,2500,2500,2500,2500
20211023215433,GET,Open PLP Page,982,0,40.0,71.67815147761233,30.90618100031861,6749.604495998938,840470.2617107943,0.0617727604384848,0.0,40,43,44,46,51,60,750,1000,6700,6700,6700
20211023215433,POST,Set Shipment Information,100,0,1600.0,1837.4206629299808,1400.1293390028875,2820.659088996763,15.0,0.0062905051363019,0.0,1600,2000,2100,2200,2300,2400,2500,2800,2800,2800,2800
20211023215433,GET,Verify Cart,113,0,1300.0,1390.449364345004,1035.659758999827,2422.1216709993314,580166.0884955752,0.0071082708040211,0.0,1300,1400,1500,1500,1700,1900,2000,2200,2400,2400,2400
20211023215433,GET,open cart page,1634,0,650.0,705.1343246584798,402.6151270008995,1962.7354870026463,540784.1315789474,0.1027868539271734,0.0,650,700,730,770,1100,1300,1400,1400,1500,2000,2000
20211023172912,GET,Get Cookies,1,0,596.1454680000315,596.1454680000315,596.1454680000315,596.1454680000315,540784.0,0.374210470014076,0.0,600,600,600,600,600,600,600,600,600,600,600
20211023172912,GET,Get PLPs,1,0,1093.2168629988157,1093.2168629988157,1093.2168629988157,1093.2168629988157,557971.0,0.374210470014076,0.0,1100,1100,1100,1100,1100,1100,1100,1100,1100,1100,1100
20211023172912,GET,open cart page,1,0,979.254663001484,979.254663001484,979.254663001484,979.254663001484,540784.0,0.374210470014076,0.0,980,980,980,980,980,980,980,980,980,980,980
